"ProductSold","OctoberSales","NovemberSales","DecemberSales"
"Cell Phone",1940231.21,1358161.847,1748128.2
"Laptop",1939196.091,2094331.77828,3077474.04
"Desktop",1267535.9064,1381614.137976,2766268.8
